{
    "Training Accuracy": 0.834375,
    "Testing Accuracy": 0.8875,
    "Precision": 0.9130434782608695,
    "Recall": 0.75,
    "F1 Score": 0.8235294117647058,
    "F2 Score": 0.7777777777777778
}